"Id","Name"
"14168","2024 - PEAM 2"
"14611","Apr 2023 - PE Transactions"
"14754","Apr 2023 - PUM 28"
"14411","Apr 2023 - Reg Pilot"
"15236","Z Apr 2024 PUM 31"
"13904","April 2022"
"14608","Aug 2023 - FTP"
"14821","Aug 2023 - PUM 29"
"13906","Aug 2023 - Records"
"14184","Aug xxxx - Financials"
"14607","Z Change of Circ's"
"14219","Z E2E Test Only"
"14167","Jan 2023 - PE Config"
"14820","Jan 2024 - Support Interactions"
"14759","July 2023 - PE Student Release"
"13905","June 2022"
"14196","Live/BAU - a.s.a.p."
"14753","Mar 2023 - PE Outbound"
"14914","Z Mitigating Circumstances"
"14412","Nov 2022 - HESA/DF"
"13120","Oct 2021 - Admissions"
"13907","Oct 2022 - PUM 26"
"14905","PE July Release - SR August Training Materials"
"14906","PE July Release - SR September Training Materials"
"14606","Z PGR Progression"
"14907","2024 Post-PE Release"
"14908","Z Sept 23 AMBS PUM 29"
"14185","TBA -- as yet unknown"
"14959","Z TRAIN Dec 23"
"14961","Z TRAIN Feb 24"
"14960","Z TRAIN Jan 24"
"14958","Z TRAIN Nov 23"